feature,mean_importance
feature_1,-0.010137997706577034
feature_2,0.021631437060921126
feature_4,0.28501457780918943
feature_3,1.265107160780954
