feature,mean_importance
feature_1,-0.0070958708514215095
feature_2,0.016187595189800306
feature_4,0.30178091146809816
feature_3,1.2276941816573723
