feature,mean_importance
feature_1,-0.002932704650804116
feature_2,0.0022322648452307637
feature_4,0.30953357478352284
feature_3,1.2924481423323713
