feature,mean_importance
feature_1,-0.010413127304963035
feature_2,0.02463302393652935
feature_4,0.2919318934264584
feature_3,1.2268066100502462
