feature,mean_importance
feature_1,0.0017016684536874161
feature_2,0.013787185820715957
feature_4,0.35697132949866917
feature_3,1.8987882369551117
