feature,mean_importance
feature_1,-0.012287110822953428
feature_2,0.01777557294886091
feature_4,0.2968928970989909
feature_3,1.2328160029311037
