feature,mean_importance
feature_1,0.0011905836525219677
feature_2,0.014557396873521746
feature_4,0.36040143801097607
feature_3,1.8964611663725648
