feature,mean_importance
feature_1,-0.011224402886640169
feature_2,0.01683871735177071
feature_4,0.2904358593276527
feature_3,1.2263150191838506
